타임스탬프,이메일 주소,1. 본인의 성명을 입력해주십시오.,2. 본인의 학번을 입력해 주십시오,3. 본인의 학년 또는 지위를 선택해 주십시오.,4. 1지망~3지망 지정좌석을 각각 선택해 주십시오. [1지망],4. 1지망~3지망 지정좌석을 각각 선택해 주십시오. [2지망],4. 1지망~3지망 지정좌석을 각각 선택해 주십시오. [3지망]
1/11/2000 12:00,isi7kznx2x@snu.ac.kr,최컨앙,1111-11111,2학년,15동 401호(평상),15동 401호(칸막이),법오 골방(칸막이)
1/12/2000 12:00,u6z26hh8wd@snu.ac.kr,박던하,1111-11112,2학년,법오 큰방(칸막이),15동 401호(평상),역사관(평상)
1/13/2000 12:00,mso9qga7wp@snu.ac.kr,문납누,1111-11113,2학년,역사관(평상),국산(칸막이),15동 404호(칸막이)
1/14/2000 12:00,zer1rapmt5@snu.ac.kr,이힝닉,1111-11114,2학년,법오 큰방(칸막이),법오 골방(칸막이),국산(칸막이)
1/15/2000 12:00,a6bk2lzpui@snu.ac.kr,김긴걸,1111-11115,3학년,법오 큰방(평상),법오 큰방(칸막이),15동 401호(칸막이)
1/16/2000 12:00,h0nlsaj6oi@snu.ac.kr,최퐁손,1111-11116,3학년,국산(칸막이),법오 큰방(평상),15동 401호(칸막이)
1/17/2000 12:00,uuaf9dw9u1@snu.ac.kr,이람팅,1111-11117,2학년,역사관(평상),15동 401호(칸막이),법오 큰방(칸막이)
1/18/2000 12:00,2ua6xt6hep@snu.ac.kr,문나삼,1111-11118,3학년,국산(칸막이),법오 작은방(평상),15동 401호(칸막이)
1/19/2000 12:00,28b0uiej48@snu.ac.kr,박헝키,1111-11119,3학년,법오 큰방(평상),법오 골방(칸막이),법오 큰방(칸막이)
1/20/2000 12:00,mn5v983kg5@snu.ac.kr,최구할,1111-11120,3학년,국산(칸막이),법오 큰방(평상),법오 작은방(평상)
1/21/2000 12:00,fjhydhhx3f@snu.ac.kr,양등몬,1111-11121,3학년,15동 401호(평상),15동 401호(칸막이),법오 골방(칸막이)
1/22/2000 12:00,ov22y5y6ek@snu.ac.kr,한티륵,1111-11122,2학년,법오 큰방(칸막이),역사관(평상),15동 401호(칸막이)
1/23/2000 12:00,riu8xuqxsx@snu.ac.kr,강극탑,1111-11123,3학년,법오 큰방(평상),15동 401호(칸막이),국산(칸막이)
1/24/2000 12:00,z4d0yex883@snu.ac.kr,최널낫,1111-11124,3학년,역사관(평상),법오 골방(칸막이),15동 404호(칸막이)
1/25/2000 12:00,py86c1wx9v@snu.ac.kr,이컨늘,1111-11125,3학년,법오 큰방(평상),법오 큰방(칸막이),15동 404호(칸막이)
1/26/2000 12:00,a2wb9e5bw5@snu.ac.kr,한탁슨,1111-11126,2학년,법오 골방(칸막이),15동 404호(칸막이),법오 골방(칸막이)
1/27/2000 12:00,lmyepe180n@snu.ac.kr,김지믐,1111-11127,3학년,법오 큰방(평상),국산(칸막이),법오 작은방(평상)
1/28/2000 12:00,683kt8l829@snu.ac.kr,양름잡,1111-11128,3학년,역사관(평상),법오 큰방(평상),법오 큰방(칸막이)
1/29/2000 12:00,7tncgfg9mt@snu.ac.kr,강틀팍,1111-11129,3학년,15동 401호(평상),역사관(평상),법오 큰방(칸막이)
1/30/2000 12:00,q6mjbcj2k1@snu.ac.kr,김틸락,1111-11130,2학년,국산(칸막이),법오 작은방(평상),15동 401호(칸막이)
1/31/2000 12:00,j1mgg4wg1u@snu.ac.kr,김즐킥,1111-11131,2학년,법오 큰방(평상),법오 작은방(평상),법오 골방(칸막이)
2/1/2000 12:00,2kdpdd72xp@snu.ac.kr,문거즌,1111-11132,3학년,법오 큰방(평상),역사관(평상),법오 큰방(칸막이)
2/2/2000 12:00,sz3xxdmi3u@snu.ac.kr,한긴깅,1111-11133,2학년,역사관(평상),15동 404호(칸막이),법오 큰방(칸막이)
2/3/2000 12:00,apz4tbxekn@snu.ac.kr,강긴든,1111-11134,3학년,법오 골방(칸막이),역사관(평상),법오 큰방(칸막이)
2/4/2000 12:00,ujlsj5337s@snu.ac.kr,양흘렁,1111-11135,3학년,국산(칸막이),역사관(평상),법오 골방(칸막이)
2/5/2000 12:00,mpzp1agfsr@snu.ac.kr,이탐탈,1111-11136,3학년,역사관(평상),15동 401호(칸막이),15동 404호(칸막이)
2/6/2000 12:00,jq0lj11szd@snu.ac.kr,강힝펑,1111-11137,3학년,법오 큰방(평상),국산(칸막이),국산(칸막이)
2/7/2000 12:00,gfn5yx16ax@snu.ac.kr,박덜딩,1111-11138,3학년,15동 404호(칸막이),법오 큰방(평상),법오 큰방(칸막이)
2/8/2000 12:00,6a0v3booix@snu.ac.kr,한틸잔,1111-11139,2학년,법오 큰방(평상),15동 404호(칸막이),법오 큰방(칸막이)
2/9/2000 12:00,7np48exh8y@snu.ac.kr,문탑픽,1111-11140,2학년,역사관(평상),15동 401호(칸막이),국산(칸막이)
2/10/2000 12:00,q5tsppueom@snu.ac.kr,김잠슥,1111-11141,2학년,국산(칸막이),법오 큰방(칸막이),법오 작은방(평상)
2/11/2000 12:00,4rgvctp06u@snu.ac.kr,김컬층,1111-11142,2학년,법오 큰방(칸막이),15동 401호(평상),15동 401호(칸막이)
2/12/2000 12:00,gzdp1kca0i@snu.ac.kr,박픈힉,1111-11143,3학년,법오 큰방(평상),법오 큰방(칸막이),15동 401호(칸막이)
2/13/2000 12:00,67n2pfp2wr@snu.ac.kr,김캇살,1111-11144,3학년,15동 404호(칸막이),법오 골방(칸막이),법오 작은방(평상)
2/14/2000 12:00,axsfckb4bh@snu.ac.kr,한존븐,1111-11145,3학년,국산(칸막이),법오 골방(칸막이),법오 큰방(평상)
2/15/2000 12:00,snp16rn1mb@snu.ac.kr,문닐맛,1111-11146,3학년,15동 404호(칸막이),법오 골방(칸막이),15동 401호(칸막이)
2/16/2000 12:00,vobw9zhlaz@snu.ac.kr,강넉넝,1111-11147,2학년,법오 작은방(평상),15동 401호(평상),15동 404호(칸막이)
2/17/2000 12:00,tvqljjyh8l@snu.ac.kr,문엉밍,1111-11148,3학년,법오 작은방(평상),국산(칸막이),법오 큰방(칸막이)
2/18/2000 12:00,apzrhnu18p@snu.ac.kr,양인피,1111-11149,3학년,15동 401호(칸막이),역사관(평상),15동 404호(칸막이)
2/19/2000 12:00,izs22uemgi@snu.ac.kr,문픔건,1111-11150,2학년,역사관(평상),법오 큰방(칸막이),15동 404호(칸막이)
2/20/2000 12:00,vllghwkwzp@snu.ac.kr,한헐누,1111-11151,2학년,법오 골방(칸막이),역사관(평상),법오 큰방(칸막이)
2/21/2000 12:00,qv0moaix27@snu.ac.kr,박넝힝,1111-11152,2학년,역사관(평상),15동 404호(칸막이),법오 골방(칸막이)
2/22/2000 12:00,9r2vtu4e20@snu.ac.kr,김설낭,1111-11153,3학년,15동 404호(칸막이),법오 큰방(칸막이),법오 큰방(평상)
2/23/2000 12:00,umhoymudaz@snu.ac.kr,김밀막,1111-11154,3학년,법오 작은방(평상),법오 큰방(평상),15동 404호(칸막이)
2/24/2000 12:00,tcnb26394v@snu.ac.kr,강리릭,1111-11155,3학년,15동 404호(칸막이),국산(칸막이),법오 작은방(평상)
2/25/2000 12:00,m4m3ul3hmn@snu.ac.kr,강칠헉,1111-11156,3학년,법오 골방(칸막이),법오 큰방(평상),법오 골방(칸막이)
2/26/2000 12:00,zaev9d4gtd@snu.ac.kr,최긱등,1111-11157,2학년,법오 작은방(평상),법오 큰방(평상),법오 골방(칸막이)
2/27/2000 12:00,r6zu02qth1@snu.ac.kr,이등틀,1111-11158,3학년,법오 골방(칸막이),법오 작은방(평상),법오 골방(칸막이)
2/28/2000 12:00,f5sr8paqhs@snu.ac.kr,양갑븍,1111-11159,3학년,법오 큰방(평상),법오 골방(칸막이),15동 404호(칸막이)
2/29/2000 12:00,yxck1sfp33@snu.ac.kr,문강팍,1111-11160,3학년,법오 작은방(평상),15동 401호(칸막이),법오 큰방(평상)
3/1/2000 12:00,fhb8o2irap@snu.ac.kr,이살버,1111-11161,3학년,법오 큰방(칸막이),국산(칸막이),법오 작은방(평상)
3/2/2000 12:00,d1i503yuyu@snu.ac.kr,한슴항,1111-11162,3학년,법오 큰방(칸막이),역사관(평상),15동 401호(칸막이)
3/3/2000 12:00,v8dki5q6so@snu.ac.kr,박온팡,1111-11163,3학년,15동 401호(칸막이),국산(칸막이),15동 401호(칸막이)
3/4/2000 12:00,bufpbaqr8m@snu.ac.kr,박믐정,1111-11164,3학년,법오 작은방(평상),국산(칸막이),법오 큰방(칸막이)
3/5/2000 12:00,kodbkptos1@snu.ac.kr,한닉선,1111-11165,3학년,법오 큰방(평상),법오 작은방(평상),법오 큰방(칸막이)
3/6/2000 12:00,fytecigzxx@snu.ac.kr,양서벌,1111-11166,2학년,15동 401호(칸막이),15동 401호(칸막이),15동 401호(칸막이)
3/7/2000 12:00,xoahkb15fr@snu.ac.kr,이남늠,1111-11167,3학년,법오 큰방(칸막이),법오 큰방(평상),15동 404호(칸막이)
3/8/2000 12:00,qopmgd6iow@snu.ac.kr,김주합,1111-11168,3학년,15동 401호(평상),15동 401호(칸막이),15동 404호(칸막이)
3/9/2000 12:00,spdew5ju63@snu.ac.kr,강름틈,1111-11169,3학년,법오 큰방(평상),15동 401호(칸막이),15동 404호(칸막이)
3/10/2000 12:00,8c2bjrxobf@snu.ac.kr,문힝리,1111-11170,3학년,15동 404호(칸막이),법오 큰방(평상),법오 큰방(칸막이)
3/11/2000 12:00,zpt45x530u@snu.ac.kr,강무압,1111-11171,3학년,법오 작은방(평상),15동 401호(칸막이),법오 큰방(칸막이)
3/12/2000 12:00,t5ccejz9jy@snu.ac.kr,강헐소,1111-11172,3학년,15동 404호(칸막이),법오 골방(칸막이),역사관(평상)
3/13/2000 12:00,h3xllsskxe@snu.ac.kr,박믕잣,1111-11173,3학년,법오 큰방(평상),법오 골방(칸막이),법오 큰방(칸막이)
3/14/2000 12:00,ttij3b2ogv@snu.ac.kr,이얼암,1111-11174,2학년,법오 작은방(평상),법오 큰방(평상),법오 큰방(칸막이)
3/15/2000 12:00,rqtfihzx7h@snu.ac.kr,김타늑,1111-11175,3학년,15동 404호(칸막이),역사관(평상),법오 큰방(칸막이)
3/16/2000 12:00,h3qe7lf2xn@snu.ac.kr,문발즌,1111-11176,3학년,15동 401호(칸막이),15동 404호(칸막이),법오 골방(칸막이)
3/17/2000 12:00,sez8b8p9ze@snu.ac.kr,문넌핀,1111-11177,3학년,법오 작은방(평상),법오 골방(칸막이),15동 404호(칸막이)
3/18/2000 12:00,tykqrzk0vc@snu.ac.kr,최디우,1111-11178,1학년,법오 골방(칸막이),법오 큰방(평상),역사관(평상)
3/19/2000 12:00,i6na0587a5@snu.ac.kr,한잣간,1111-11179,2학년,법오 큰방(칸막이),15동 401호(칸막이),역사관(평상)
3/20/2000 12:00,jl6n8m0khe@snu.ac.kr,양너적,1111-11180,3학년,법오 작은방(평상),15동 401호(칸막이),국산(칸막이)
3/21/2000 12:00,gsvz6wb16q@snu.ac.kr,이찰밀,1111-11181,3학년,15동 401호(칸막이),역사관(평상),15동 401호(칸막이)
3/22/2000 12:00,1w650xddhi@snu.ac.kr,양들턱,1111-11182,3학년,법오 골방(칸막이),법오 골방(칸막이),역사관(평상)
3/23/2000 12:00,fd0narzyxf@snu.ac.kr,박삭필,1111-11183,2학년,법오 큰방(평상),법오 큰방(평상),역사관(평상)
3/24/2000 12:00,hqdn9iqd63@snu.ac.kr,문길펀,1111-11184,2학년,법오 골방(칸막이),법오 큰방(칸막이),법오 골방(칸막이)
3/25/2000 12:00,ktp2nqxfbj@snu.ac.kr,문빌륵,1111-11185,3학년,법오 작은방(평상),법오 골방(칸막이),역사관(평상)
3/26/2000 12:00,syeutiekmx@snu.ac.kr,한달성,1111-11186,3학년,국산(칸막이),역사관(평상),15동 404호(칸막이)
3/27/2000 12:00,3qvaaft8zx@snu.ac.kr,김처달,1111-11187,3학년,법오 큰방(칸막이),법오 큰방(평상),법오 작은방(평상)
3/28/2000 12:00,b2wqxfdnms@snu.ac.kr,박음농,1111-11188,2학년,15동 404호(칸막이),법오 큰방(평상),국산(칸막이)
3/29/2000 12:00,kbl1huk5e2@snu.ac.kr,김걱흘,1111-11189,2학년,국산(칸막이),법오 큰방(평상),15동 404호(칸막이)
3/30/2000 12:00,1159juxx92@snu.ac.kr,김흠함,1111-11190,3학년,15동 401호(칸막이),역사관(평상),법오 큰방(평상)
3/31/2000 12:00,5b0ewbr3ru@snu.ac.kr,김헌구,1111-11191,2학년,15동 404호(칸막이),법오 큰방(평상),법오 큰방(평상)
4/1/2000 12:00,lgy15yidac@snu.ac.kr,최믄아,1111-11192,1학년,법오 큰방(평상),역사관(평상),15동 404호(칸막이)
4/2/2000 12:00,4xhxiycqtd@snu.ac.kr,한적글,1111-11193,2학년,법오 큰방(평상),15동 401호(평상),15동 404호(칸막이)
4/3/2000 12:00,k7h3pmxyfr@snu.ac.kr,양컬처,1111-11194,1학년,법오 큰방(평상),법오 작은방(평상),법오 골방(칸막이)
4/4/2000 12:00,ym24qxmgn8@snu.ac.kr,최질탐,1111-11195,2학년,역사관(평상),법오 큰방(칸막이),법오 큰방(평상)
4/5/2000 12:00,ct7eq7izv3@snu.ac.kr,강토억,1111-11196,2학년,국산(칸막이),법오 골방(칸막이),법오 큰방(평상)
4/6/2000 12:00,wqa2vegpbp@snu.ac.kr,문일루,1111-11197,2학년,15동 404호(칸막이),법오 골방(칸막이),법오 큰방(평상)
4/7/2000 12:00,duqn9wt9j1@snu.ac.kr,강잘찬,1111-11198,2학년,역사관(평상),법오 큰방(평상),법오 골방(칸막이)
4/8/2000 12:00,aeteojfmja@snu.ac.kr,한컥닝,1111-11199,2학년,역사관(평상),15동 401호(칸막이),법오 큰방(칸막이)
4/9/2000 12:00,trtmz2d2z8@snu.ac.kr,한막긍,1111-11200,2학년,15동 404호(칸막이),15동 401호(칸막이),15동 401호(칸막이)
4/10/2000 12:00,be9jo9wd51@snu.ac.kr,이걸다,1111-11201,3학년,법오 작은방(평상),국산(칸막이),법오 골방(칸막이)
4/11/2000 12:00,vnk11ev30i@snu.ac.kr,문랏슥,1111-11202,3학년,국산(칸막이),국산(칸막이),법오 골방(칸막이)
4/12/2000 12:00,uew3xxojcf@snu.ac.kr,양함믁,1111-11203,2학년,역사관(평상),법오 작은방(평상),법오 골방(칸막이)
4/13/2000 12:00,nef4t3rocw@snu.ac.kr,김븡로,1111-11204,2학년,15동 404호(칸막이),15동 401호(평상),역사관(평상)
4/14/2000 12:00,nz8zt3b0en@snu.ac.kr,최익잔,1111-11205,3학년,15동 404호(칸막이),법오 골방(칸막이),15동 401호(칸막이)
4/15/2000 12:00,y2ujyo4dui@snu.ac.kr,박함거,1111-11206,2학년,역사관(평상),법오 큰방(평상),법오 작은방(평상)
4/16/2000 12:00,dbcbdzwmxf@snu.ac.kr,박성힌,1111-11207,3학년,15동 404호(칸막이),15동 401호(칸막이),법오 골방(칸막이)
4/17/2000 12:00,vzk6h18bry@snu.ac.kr,이가치,1111-11208,3학년,법오 골방(칸막이),법오 큰방(평상),법오 큰방(칸막이)
4/18/2000 12:00,366eg15r3r@snu.ac.kr,한퐁늘,1111-11209,3학년,법오 큰방(칸막이),법오 골방(칸막이),15동 401호(칸막이)
4/19/2000 12:00,hyx8ktalw0@snu.ac.kr,최자초,1111-11210,1학년,법오 큰방(칸막이),15동 401호(칸막이),법오 큰방(평상)
4/20/2000 12:00,7nxajovv5z@snu.ac.kr,이언킥,1111-11211,2학년,국산(칸막이),법오 큰방(평상),법오 골방(칸막이)
4/21/2000 12:00,l6qaxhfycc@snu.ac.kr,문를등,1111-11212,3학년,국산(칸막이),법오 큰방(칸막이),국산(칸막이)
4/22/2000 12:00,jaownz2mso@snu.ac.kr,김락밍,1111-11213,3학년,국산(칸막이),법오 작은방(평상),법오 골방(칸막이)
4/23/2000 12:00,hypph4snx2@snu.ac.kr,김슬모,1111-11214,1학년,법오 작은방(평상),법오 큰방(평상),역사관(평상)
4/24/2000 12:00,rk2yxsza4n@snu.ac.kr,한븡큭,1111-11215,2학년,역사관(평상),15동 401호(칸막이),법오 골방(칸막이)
4/25/2000 12:00,2t8mkk59bp@snu.ac.kr,이통만,1111-11216,1학년,역사관(평상),법오 큰방(칸막이),법오 큰방(평상)
4/26/2000 12:00,o44cnapj7u@snu.ac.kr,이빌박,1111-11217,2학년,15동 404호(칸막이),국산(칸막이),법오 큰방(평상)
4/27/2000 12:00,euc62dsrp2@snu.ac.kr,한다빅,1111-11218,2학년,법오 골방(칸막이),법오 큰방(칸막이),15동 401호(칸막이)
4/28/2000 12:00,ydtzr3wcmw@snu.ac.kr,강틸잣,1111-11219,3학년,법오 큰방(칸막이),역사관(평상),국산(칸막이)
4/29/2000 12:00,6t184ggl1j@snu.ac.kr,이기푸,1111-11220,2학년,법오 큰방(칸막이),역사관(평상),법오 골방(칸막이)
4/30/2000 12:00,7cmrh27ig0@snu.ac.kr,박강악,1111-11221,3학년,역사관(평상),법오 큰방(칸막이),법오 작은방(평상)
5/1/2000 12:00,0nyyy0jzk8@snu.ac.kr,김칸틍,1111-11222,2학년,15동 401호(칸막이),역사관(평상),법오 큰방(칸막이)
5/2/2000 12:00,tx4khftch0@snu.ac.kr,최안응,1111-11223,2학년,법오 큰방(칸막이),15동 401호(평상),15동 404호(칸막이)
5/3/2000 12:00,mz01cky3yx@snu.ac.kr,최헌적,1111-11224,1학년,법오 골방(칸막이),법오 큰방(평상),법오 큰방(칸막이)
5/4/2000 12:00,omcurrniex@snu.ac.kr,이딜큰,1111-11225,3학년,15동 401호(칸막이),15동 401호(칸막이),법오 큰방(평상)
5/5/2000 12:00,28lo24houu@snu.ac.kr,강턴칙,1111-11226,3학년,법오 큰방(칸막이),법오 작은방(평상),국산(칸막이)
5/6/2000 12:00,g2jlvt0qhl@snu.ac.kr,박통럭,1111-11227,1학년,법오 작은방(평상),법오 큰방(평상),법오 큰방(칸막이)
5/7/2000 12:00,3txb3p1uex@snu.ac.kr,문던큭,1111-11228,2학년,15동 401호(평상),15동 404호(칸막이),법오 큰방(칸막이)
5/8/2000 12:00,8nrbqokhdv@snu.ac.kr,한든깅,1111-11229,1학년,역사관(평상),법오 골방(칸막이),15동 401호(칸막이)
5/9/2000 12:00,z9aqewg83v@snu.ac.kr,한덕자,1111-11230,2학년,법오 큰방(평상),법오 큰방(칸막이),역사관(평상)
5/10/2000 12:00,qrwzii6kvp@snu.ac.kr,양른큭,1111-11231,1학년,국산(칸막이),15동 401호(칸막이),국산(칸막이)
5/11/2000 12:00,1m856a77kz@snu.ac.kr,김팝아,1111-11232,2학년,역사관(평상),15동 401호(평상),법오 큰방(칸막이)
5/12/2000 12:00,fq49rn59eh@snu.ac.kr,최나찬,1111-11233,3학년,15동 401호(칸막이),국산(칸막이),법오 작은방(평상)
5/13/2000 12:00,rtp91vu3jd@snu.ac.kr,김컨겅,1111-11234,2학년,국산(칸막이),국산(칸막이),15동 404호(칸막이)
5/14/2000 12:00,qk4wwagvb5@snu.ac.kr,이발킬,1111-11235,2학년,법오 큰방(평상),법오 작은방(평상),15동 401호(칸막이)
5/15/2000 12:00,777u3oeyal@snu.ac.kr,최헐컨,1111-11236,3학년,법오 큰방(칸막이),15동 401호(칸막이),법오 작은방(평상)
5/16/2000 12:00,cakmoyf02z@snu.ac.kr,문늑킁,1111-11237,2학년,15동 401호(칸막이),역사관(평상),법오 골방(칸막이)
5/17/2000 12:00,qhaibj8djl@snu.ac.kr,양무타,1111-11238,2학년,15동 404호(칸막이),법오 큰방(평상),15동 401호(칸막이)
5/18/2000 12:00,49504q82he@snu.ac.kr,최칭커,1111-11239,3학년,역사관(평상),15동 401호(칸막이),15동 404호(칸막이)
5/19/2000 12:00,4bljjxh1z5@snu.ac.kr,박핀토,1111-11240,1학년,15동 401호(칸막이),역사관(평상),법오 골방(칸막이)
5/20/2000 12:00,hgj4qwacyu@snu.ac.kr,한팔걸,1111-11241,3학년,법오 골방(칸막이),법오 큰방(칸막이),15동 401호(칸막이)
5/21/2000 12:00,01jocheqze@snu.ac.kr,양투측,1111-11242,3학년,법오 큰방(평상),역사관(평상),15동 404호(칸막이)
5/22/2000 12:00,ax2sk4d74d@snu.ac.kr,문픙긍,1111-11243,1학년,법오 골방(칸막이),국산(칸막이),15동 401호(칸막이)
5/23/2000 12:00,ynpeugpxxl@snu.ac.kr,양승단,1111-11244,1학년,법오 골방(칸막이),법오 큰방(칸막이),법오 큰방(평상)
5/24/2000 12:00,us6yj2x9ew@snu.ac.kr,문언빌,1111-11245,2학년,15동 401호(칸막이),역사관(평상),법오 작은방(평상)
5/25/2000 12:00,j7hsn1fufy@snu.ac.kr,강즌청,1111-11246,2학년,국산(칸막이),법오 큰방(평상),법오 큰방(칸막이)
5/26/2000 12:00,v7r3zur4q5@snu.ac.kr,강더호,1111-11247,1학년,법오 큰방(칸막이),법오 골방(칸막이),역사관(평상)
5/27/2000 12:00,91upmjhvx8@snu.ac.kr,강하낫,1111-11248,3학년,역사관(평상),법오 작은방(평상),역사관(평상)
5/28/2000 12:00,ksyc9dc6eg@snu.ac.kr,최혼틍,1111-11249,2학년,15동 404호(칸막이),법오 작은방(평상),15동 401호(칸막이)
5/29/2000 12:00,kde50z0kjc@snu.ac.kr,김린티,1111-11250,3학년,15동 401호(칸막이),역사관(평상),법오 큰방(평상)
5/30/2000 12:00,cklil5ruay@snu.ac.kr,문딩담,1111-11251,1학년,국산(칸막이),15동 401호(칸막이),국산(칸막이)
5/31/2000 12:00,9z23hgjaz2@snu.ac.kr,문칵를,1111-11252,1학년,국산(칸막이),법오 큰방(평상),법오 큰방(평상)
6/1/2000 12:00,4ei79rqw7f@snu.ac.kr,박토큭,1111-11253,2학년,법오 큰방(평상),법오 골방(칸막이),법오 큰방(칸막이)
6/2/2000 12:00,sa9neljfpa@snu.ac.kr,한랏긴,1111-11254,3학년,법오 작은방(평상),15동 404호(칸막이),법오 큰방(칸막이)
6/3/2000 12:00,a26lwolntq@snu.ac.kr,문청루,1111-11255,2학년,법오 큰방(칸막이),법오 골방(칸막이),법오 큰방(평상)
6/4/2000 12:00,zq9i9tb5vp@snu.ac.kr,이즘호,1111-11256,1학년,법오 큰방(칸막이),15동 404호(칸막이),역사관(평상)
6/5/2000 12:00,825jr863pz@snu.ac.kr,박컨킬,1111-11257,1학년,역사관(평상),법오 큰방(칸막이),역사관(평상)
6/6/2000 12:00,c3w663ouy1@snu.ac.kr,한러틈,1111-11258,2학년,15동 404호(칸막이),법오 큰방(평상),법오 작은방(평상)
6/7/2000 12:00,hf0dx1r39q@snu.ac.kr,한조랍,1111-11259,3학년,15동 404호(칸막이),국산(칸막이),국산(칸막이)
6/8/2000 12:00,gjs5yzgja8@snu.ac.kr,박혼팡,1111-11260,3학년,국산(칸막이),법오 작은방(평상),15동 404호(칸막이)
6/9/2000 12:00,islwvxz82m@snu.ac.kr,강캉초,1111-11261,2학년,15동 404호(칸막이),법오 큰방(평상),법오 큰방(칸막이)
6/10/2000 12:00,5z6q8pafro@snu.ac.kr,한탐누,1111-11262,3학년,법오 골방(칸막이),15동 404호(칸막이),국산(칸막이)
6/11/2000 12:00,r6hzus35o6@snu.ac.kr,문탑늑,1111-11263,2학년,법오 골방(칸막이),국산(칸막이),법오 작은방(평상)
6/12/2000 12:00,wjuc5q9gwa@snu.ac.kr,최틈슥,1111-11264,1학년,15동 401호(칸막이),역사관(평상),법오 작은방(평상)
6/13/2000 12:00,q11lmvohro@snu.ac.kr,이맙박,1111-11265,3학년,국산(칸막이),법오 작은방(평상),법오 큰방(평상)
6/14/2000 12:00,vt7uogljwt@snu.ac.kr,이만듬,1111-11266,1학년,법오 큰방(평상),15동 404호(칸막이),15동 401호(평상)
6/15/2000 12:00,8as3p3rggs@snu.ac.kr,김킬픙,1111-11267,3학년,역사관(평상),법오 작은방(평상),법오 큰방(평상)
6/16/2000 12:00,r869nicy7f@snu.ac.kr,이질랏,1111-11268,1학년,법오 큰방(평상),법오 골방(칸막이),국산(칸막이)
6/17/2000 12:00,4rfssg91g0@snu.ac.kr,문나는,1111-11269,1학년,15동 401호(칸막이),법오 작은방(평상),법오 골방(칸막이)
6/18/2000 12:00,48lnh1xzl7@snu.ac.kr,최압즐,1111-11270,2학년,15동 404호(칸막이),법오 큰방(평상),법오 큰방(칸막이)
6/19/2000 12:00,48pcd3hqfw@snu.ac.kr,강고리,1111-11271,3학년,법오 골방(칸막이),15동 404호(칸막이),15동 401호(칸막이)
6/20/2000 12:00,5yzbir0p54@snu.ac.kr,양앗랍,1111-11272,2학년,법오 큰방(평상),15동 404호(칸막이),법오 작은방(평상)
6/21/2000 12:00,bcjuo3bo7z@snu.ac.kr,양공머,1111-11273,2학년,15동 404호(칸막이),법오 작은방(평상),법오 큰방(평상)
6/22/2000 12:00,7p0j869mkg@snu.ac.kr,문벌츤,1111-11274,1학년,국산(칸막이),국산(칸막이),15동 404호(칸막이)
6/23/2000 12:00,6j223jtbxs@snu.ac.kr,양터릉,1111-11275,3학년,15동 401호(칸막이),법오 골방(칸막이),법오 골방(칸막이)
6/24/2000 12:00,z3a6jb0km4@snu.ac.kr,한어탕,1111-11276,3학년,15동 401호(칸막이),역사관(평상),15동 404호(칸막이)
6/25/2000 12:00,vu2tcmwov6@snu.ac.kr,최폰핫,1111-11277,1학년,법오 작은방(평상),15동 401호(칸막이),법오 큰방(칸막이)
6/26/2000 12:00,p5rbjlulo4@snu.ac.kr,최어로,1111-11278,3학년,법오 작은방(평상),법오 큰방(평상),법오 큰방(칸막이)
6/27/2000 12:00,yi5iasmeez@snu.ac.kr,최블블,1111-11279,2학년,법오 골방(칸막이),15동 401호(칸막이),15동 401호(칸막이)
6/28/2000 12:00,7z52f8ykxy@snu.ac.kr,한흥탕,1111-11280,3학년,역사관(평상),15동 401호(칸막이),15동 404호(칸막이)
6/29/2000 12:00,n0ng7tkagf@snu.ac.kr,최랄증,1111-11281,3학년,법오 작은방(평상),국산(칸막이),역사관(평상)
6/30/2000 12:00,2l7397r4tm@snu.ac.kr,최증리,1111-11282,1학년,국산(칸막이),법오 작은방(평상),국산(칸막이)
7/1/2000 12:00,4p4f16yvbc@snu.ac.kr,최낙삿,1111-11283,1학년,법오 작은방(평상),역사관(평상),법오 큰방(평상)
7/2/2000 12:00,kfi0echmim@snu.ac.kr,최루삭,1111-11284,3학년,법오 작은방(평상),법오 큰방(칸막이),역사관(평상)
7/3/2000 12:00,0ybehrxupp@snu.ac.kr,이믄즘,1111-11285,3학년,법오 큰방(칸막이),역사관(평상),법오 큰방(평상)
7/4/2000 12:00,eq7yey1yuw@snu.ac.kr,한엉천,1111-11286,3학년,15동 404호(칸막이),법오 큰방(칸막이),15동 401호(칸막이)
7/5/2000 12:00,5xlu9k2wz9@snu.ac.kr,최거틈,1111-11287,2학년,15동 401호(칸막이),법오 큰방(칸막이),법오 큰방(평상)
7/6/2000 12:00,icvp7ex6mq@snu.ac.kr,최릉린,1111-11288,2학년,법오 골방(칸막이),법오 골방(칸막이),법오 큰방(칸막이)
7/7/2000 12:00,cudwyom00b@snu.ac.kr,강틸즉,1111-11289,2학년,15동 401호(칸막이),역사관(평상),법오 큰방(칸막이)
7/8/2000 12:00,xledsainmp@snu.ac.kr,양너일,1111-11290,졸업생,국산(칸막이),법오 큰방(칸막이),법오 큰방(평상)
7/9/2000 12:00,z8pcjn61u2@snu.ac.kr,한실코,1111-11291,3학년,역사관(평상),국산(칸막이),15동 404호(칸막이)
7/10/2000 12:00,3jqu0bm9w3@snu.ac.kr,박타디,1111-11292,3학년,15동 401호(칸막이),역사관(평상),법오 큰방(평상)
7/11/2000 12:00,62vff2h34b@snu.ac.kr,이흠믹,1111-11293,2학년,국산(칸막이),법오 골방(칸막이),국산(칸막이)
7/12/2000 12:00,01pbrvuoln@snu.ac.kr,문닝팡,1111-11294,1학년,법오 골방(칸막이),법오 골방(칸막이),법오 작은방(평상)
7/13/2000 12:00,tvfaa9bocp@snu.ac.kr,이바처,1111-11295,1학년,법오 골방(칸막이),역사관(평상),법오 큰방(칸막이)
7/14/2000 12:00,hbm90njgh9@snu.ac.kr,최던찹,1111-11296,3학년,역사관(평상),법오 큰방(평상),법오 큰방(칸막이)
7/15/2000 12:00,fwau7gjge6@snu.ac.kr,이츰찬,1111-11297,1학년,역사관(평상),15동 404호(칸막이),15동 401호(칸막이)
7/16/2000 12:00,sooxnxrx0j@snu.ac.kr,한톤구,1111-11298,3학년,법오 큰방(평상),법오 작은방(평상),15동 401호(칸막이)
7/17/2000 12:00,0clwozhc87@snu.ac.kr,이건틱,1111-11299,3학년,법오 큰방(평상),법오 큰방(평상),법오 큰방(칸막이)
7/18/2000 12:00,hu8nb5ng0j@snu.ac.kr,김엉칠,1111-11300,2학년,15동 404호(칸막이),역사관(평상),국산(칸막이)
7/19/2000 12:00,e4907ne5cl@snu.ac.kr,이벙팍,1111-11301,1학년,국산(칸막이),법오 큰방(평상),15동 401호(칸막이)
7/20/2000 12:00,wwtjgoco83@snu.ac.kr,김클난,1111-11302,1학년,법오 큰방(평상),15동 401호(평상),15동 404호(칸막이)
7/21/2000 12:00,pp3r0cnk57@snu.ac.kr,박너방,1111-11303,2학년,법오 작은방(평상),법오 큰방(평상),법오 큰방(칸막이)
7/22/2000 12:00,4gjhvetre4@snu.ac.kr,최늘릉,1111-11304,1학년,법오 골방(칸막이),법오 큰방(칸막이),역사관(평상)
7/23/2000 12:00,39u2trawlx@snu.ac.kr,강즘믐,1111-11305,1학년,법오 작은방(평상),법오 골방(칸막이),15동 401호(칸막이)
7/24/2000 12:00,jft9pa77zw@snu.ac.kr,한흠버,1111-11306,2학년,법오 골방(칸막이),15동 404호(칸막이),법오 작은방(평상)
7/25/2000 12:00,xedfdd5xc2@snu.ac.kr,한등츨,1111-11307,2학년,법오 작은방(평상),법오 큰방(칸막이),법오 큰방(평상)
7/26/2000 12:00,1u51fh4833@snu.ac.kr,박밀천,1111-11308,3학년,15동 404호(칸막이),15동 401호(평상),법오 골방(칸막이)
7/27/2000 12:00,kq3uv07p6l@snu.ac.kr,최팝픔,1111-11309,2학년,법오 큰방(칸막이),역사관(평상),법오 골방(칸막이)
7/28/2000 12:00,yve8m27j68@snu.ac.kr,최틸종,1111-11310,3학년,법오 큰방(칸막이),역사관(평상),15동 401호(칸막이)
7/29/2000 12:00,ft43ixoj6h@snu.ac.kr,한감잠,1111-11311,2학년,법오 작은방(평상),15동 401호(칸막이),법오 골방(칸막이)
7/30/2000 12:00,qlcg194k6n@snu.ac.kr,최먼호,1111-11312,졸업생,역사관(평상),15동 401호(칸막이),법오 작은방(평상)
7/31/2000 12:00,gsrqmi2kyo@snu.ac.kr,양칵치,1111-11313,3학년,법오 작은방(평상),법오 큰방(평상),법오 큰방(칸막이)
8/1/2000 12:00,y3z70pc1g0@snu.ac.kr,김빌톤,1111-11314,3학년,15동 404호(칸막이),국산(칸막이),15동 404호(칸막이)
8/2/2000 12:00,kbzg4z8wkc@snu.ac.kr,김도합,1111-11315,1학년,15동 404호(칸막이),법오 골방(칸막이),15동 404호(칸막이)
8/3/2000 12:00,ftjg33bhf4@snu.ac.kr,최막마,1111-11316,2학년,법오 큰방(칸막이),법오 큰방(평상),법오 작은방(평상)
8/4/2000 12:00,d9boulu3pr@snu.ac.kr,양초앗,1111-11317,3학년,15동 404호(칸막이),15동 401호(칸막이),법오 큰방(칸막이)
8/5/2000 12:00,83jn2gdc8j@snu.ac.kr,최탁한,1111-11318,1학년,법오 작은방(평상),법오 큰방(칸막이),15동 401호(칸막이)
8/6/2000 12:00,8f3pt2y649@snu.ac.kr,최엉퍼,1111-11319,1학년,법오 작은방(평상),15동 401호(칸막이),법오 큰방(평상)
8/7/2000 12:00,q65eoqsobe@snu.ac.kr,김빌살,1111-11320,3학년,국산(칸막이),법오 작은방(평상),법오 큰방(칸막이)
8/8/2000 12:00,lt62yle2r8@snu.ac.kr,양봉찹,1111-11321,2학년,국산(칸막이),법오 골방(칸막이),법오 골방(칸막이)
8/9/2000 12:00,hh6069o0km@snu.ac.kr,강닝갈,1111-11322,1학년,법오 큰방(평상),15동 404호(칸막이),법오 골방(칸막이)
8/10/2000 12:00,fvex1yslje@snu.ac.kr,이적서,1111-11323,1학년,법오 작은방(평상),국산(칸막이),국산(칸막이)
8/11/2000 12:00,98yyk5nu3g@snu.ac.kr,김늠익,1111-11324,2학년,법오 골방(칸막이),법오 큰방(칸막이),15동 401호(칸막이)
8/12/2000 12:00,tf9rfohpbv@snu.ac.kr,한닝커,1111-11325,3학년,국산(칸막이),법오 작은방(평상),법오 큰방(평상)
8/13/2000 12:00,8kbshyg8ao@snu.ac.kr,양할믹,1111-11326,2학년,역사관(평상),법오 큰방(칸막이),역사관(평상)
8/14/2000 12:00,90zj7dko2c@snu.ac.kr,박잠더,1111-11327,3학년,법오 큰방(평상),국산(칸막이),법오 골방(칸막이)
8/15/2000 12:00,aiqpwkud16@snu.ac.kr,최킥전,1111-11328,3학년,15동 404호(칸막이),국산(칸막이),법오 큰방(평상)
8/16/2000 12:00,ozsr75u9d2@snu.ac.kr,양로파,1111-11329,1학년,법오 큰방(평상),15동 404호(칸막이),법오 골방(칸막이)
8/17/2000 12:00,axod6o4wbh@snu.ac.kr,최직긱,1111-11330,1학년,법오 큰방(평상),법오 골방(칸막이),15동 404호(칸막이)
8/18/2000 12:00,7vs6e6ku4i@snu.ac.kr,강탑능,1111-11331,3학년,법오 큰방(평상),역사관(평상),법오 큰방(평상)
8/19/2000 12:00,jqerm32kie@snu.ac.kr,최푸시,1111-11332,3학년,역사관(평상),15동 404호(칸막이),법오 큰방(평상)
8/20/2000 12:00,k7d1v5q823@snu.ac.kr,이몽콩,1111-11333,2학년,국산(칸막이),법오 큰방(평상),법오 큰방(칸막이)
8/21/2000 12:00,k1xlqtr1o0@snu.ac.kr,김팔틸,1111-11334,2학년,국산(칸막이),15동 404호(칸막이),법오 작은방(평상)
8/22/2000 12:00,b2294ee8wx@snu.ac.kr,박갈캇,1111-11335,3학년,법오 큰방(평상),법오 작은방(평상),15동 404호(칸막이)
8/23/2000 12:00,nlf27b16b2@snu.ac.kr,박일버,1111-11336,3학년,법오 큰방(평상),15동 401호(칸막이),법오 큰방(칸막이)
8/24/2000 12:00,gx16ou9qzc@snu.ac.kr,양픽탕,1111-11337,2학년,역사관(평상),법오 큰방(칸막이),국산(칸막이)
8/25/2000 12:00,mqbbm5g2u3@snu.ac.kr,강민실,1111-11338,3학년,법오 큰방(평상),15동 404호(칸막이),법오 큰방(칸막이)
8/26/2000 12:00,5utcmowrzi@snu.ac.kr,한득븡,1111-11339,2학년,15동 401호(칸막이),법오 작은방(평상),국산(칸막이)
8/27/2000 12:00,otq13dqk39@snu.ac.kr,양팍산,1111-11340,2학년,역사관(평상),국산(칸막이),15동 401호(칸막이)
8/28/2000 12:00,7vsylnmck3@snu.ac.kr,최맛탐,1111-11341,1학년,법오 골방(칸막이),15동 401호(칸막이),15동 401호(칸막이)
8/29/2000 12:00,kmpzrnunu8@snu.ac.kr,한펀리,1111-11342,2학년,국산(칸막이),국산(칸막이),법오 큰방(평상)
8/30/2000 12:00,c5lx317yws@snu.ac.kr,김잉멀,1111-11343,1학년,법오 작은방(평상),15동 401호(칸막이),법오 큰방(칸막이)
8/31/2000 12:00,xpnhc6oqau@snu.ac.kr,최킬턱,1111-11344,2학년,15동 401호(평상),역사관(평상),15동 401호(칸막이)
9/1/2000 12:00,db055upos5@snu.ac.kr,이잘즌,1111-11345,1학년,15동 404호(칸막이),법오 작은방(평상),법오 큰방(평상)
9/2/2000 12:00,vlz876axi7@snu.ac.kr,박잘칭,1111-11346,3학년,국산(칸막이),법오 큰방(평상),국산(칸막이)
9/3/2000 12:00,2gkmwbp1rf@snu.ac.kr,한악랑,1111-11347,1학년,법오 큰방(칸막이),법오 작은방(평상),국산(칸막이)
9/4/2000 12:00,64v41ma7ek@snu.ac.kr,최총부,1111-11348,1학년,15동 401호(칸막이),역사관(평상),법오 큰방(칸막이)
9/5/2000 12:00,zt1mgezark@snu.ac.kr,이팍찬,1111-11349,3학년,역사관(평상),법오 골방(칸막이),15동 404호(칸막이)
9/6/2000 12:00,mhwdbpu383@snu.ac.kr,최힝칠,1111-11350,1학년,법오 큰방(칸막이),법오 큰방(평상),15동 404호(칸막이)
9/7/2000 12:00,d95ga8p19n@snu.ac.kr,최슨등,1111-11351,2학년,법오 작은방(평상),법오 큰방(평상),국산(칸막이)
9/8/2000 12:00,r45f2bbysk@snu.ac.kr,강초답,1111-11352,2학년,법오 골방(칸막이),국산(칸막이),15동 401호(칸막이)
9/9/2000 12:00,v72stujzni@snu.ac.kr,이늘름,1111-11353,3학년,법오 큰방(칸막이),역사관(평상),15동 404호(칸막이)
9/10/2000 12:00,t8od7hnpph@snu.ac.kr,최넌븜,1111-11354,1학년,법오 큰방(칸막이),국산(칸막이),역사관(평상)
9/11/2000 12:00,zcjv0ysj1u@snu.ac.kr,문공름,1111-11355,3학년,역사관(평상),국산(칸막이),15동 404호(칸막이)
9/12/2000 12:00,exur6hd6on@snu.ac.kr,최랑승,1111-11356,3학년,법오 큰방(칸막이),법오 골방(칸막이),15동 404호(칸막이)
9/13/2000 12:00,mwirhbrzxr@snu.ac.kr,양늘안,1111-11357,3학년,15동 404호(칸막이),법오 골방(칸막이),15동 404호(칸막이)
9/14/2000 12:00,qxj987oqlw@snu.ac.kr,최듬랍,1111-11358,3학년,국산(칸막이),15동 401호(칸막이),국산(칸막이)
9/15/2000 12:00,ggyrehn57q@snu.ac.kr,한러딕,1111-11359,2학년,법오 큰방(칸막이),15동 401호(칸막이),법오 골방(칸막이)
9/16/2000 12:00,ecnspya7zz@snu.ac.kr,김펄딜,1111-11360,3학년,법오 큰방(평상),법오 작은방(평상),15동 401호(칸막이)
9/17/2000 12:00,lb3brntyph@snu.ac.kr,최털헝,1111-11361,3학년,국산(칸막이),법오 골방(칸막이),15동 401호(칸막이)
9/18/2000 12:00,yryycyuw8e@snu.ac.kr,강포각,1111-11362,3학년,국산(칸막이),15동 401호(칸막이),법오 큰방(평상)
9/19/2000 12:00,y3sxs9gudr@snu.ac.kr,박삭산,1111-11363,1학년,법오 골방(칸막이),법오 작은방(평상),역사관(평상)
9/20/2000 12:00,4a3eer909v@snu.ac.kr,박널캄,1111-11364,1학년,법오 큰방(칸막이),법오 골방(칸막이),15동 401호(칸막이)
9/21/2000 12:00,w8b6d4xkbt@snu.ac.kr,이누멍,1111-11365,2학년,법오 작은방(평상),법오 골방(칸막이),법오 큰방(칸막이)
9/22/2000 12:00,29tgp5wvri@snu.ac.kr,양는을,1111-11366,2학년,법오 큰방(평상),법오 작은방(평상),15동 404호(칸막이)
9/23/2000 12:00,jzsylqd816@snu.ac.kr,이망모,1111-11367,1학년,15동 401호(칸막이),법오 큰방(평상),15동 404호(칸막이)
9/24/2000 12:00,5gr6yv8bgj@snu.ac.kr,한버논,1111-11368,3학년,국산(칸막이),법오 큰방(평상),15동 401호(칸막이)
9/25/2000 12:00,gu81wnny7x@snu.ac.kr,박펀낙,1111-11369,2학년,법오 큰방(평상),법오 작은방(평상),법오 큰방(칸막이)
9/26/2000 12:00,76efo2etv4@snu.ac.kr,한찰른,1111-11370,2학년,법오 큰방(칸막이),법오 작은방(평상),15동 401호(칸막이)
9/27/2000 12:00,w0ua7waawa@snu.ac.kr,문덩클,1111-11371,1학년,법오 작은방(평상),15동 404호(칸막이),법오 큰방(평상)
9/28/2000 12:00,cyc9ookxnx@snu.ac.kr,김응긍,1111-11372,3학년,15동 401호(칸막이),15동 401호(칸막이),15동 404호(칸막이)
9/29/2000 12:00,bgsrm7xrem@snu.ac.kr,문할성,1111-11373,2학년,법오 큰방(칸막이),15동 404호(칸막이),법오 골방(칸막이)
9/30/2000 12:00,fp32oohdoq@snu.ac.kr,한조틈,1111-11374,2학년,국산(칸막이),15동 404호(칸막이),15동 401호(칸막이)
10/1/2000 12:00,bodvqw0zwt@snu.ac.kr,양랄근,1111-11375,2학년,국산(칸막이),법오 큰방(평상),법오 큰방(평상)
10/2/2000 12:00,bw3ai36z0n@snu.ac.kr,김펑잉,1111-11376,1학년,15동 401호(칸막이),법오 골방(칸막이),법오 큰방(칸막이)
10/3/2000 12:00,teetar8chh@snu.ac.kr,문걱벅,1111-11377,3학년,국산(칸막이),법오 큰방(칸막이),법오 큰방(평상)
10/4/2000 12:00,dk97wpdn78@snu.ac.kr,박석한,1111-11378,2학년,법오 큰방(평상),국산(칸막이),15동 401호(칸막이)
10/5/2000 12:00,oz6f2uzvhp@snu.ac.kr,한밥폰,1111-11379,1학년,국산(칸막이),국산(칸막이),15동 401호(칸막이)
10/6/2000 12:00,t5gk05riqx@snu.ac.kr,최루당,1111-11380,1학년,법오 큰방(평상),국산(칸막이),법오 큰방(평상)
10/7/2000 12:00,nmmyklqvg7@snu.ac.kr,한주한,1111-11381,1학년,15동 404호(칸막이),법오 골방(칸막이),법오 큰방(칸막이)
10/8/2000 12:00,kr2m643ra9@snu.ac.kr,강컬날,1111-11382,수료생,법오 작은방(평상),법오 큰방(평상),법오 큰방(평상)
10/9/2000 12:00,v2hq7n5t26@snu.ac.kr,최런로,1111-11383,1학년,국산(칸막이),15동 404호(칸막이),15동 401호(평상)
10/10/2000 12:00,iv45gicgjm@snu.ac.kr,박판진,1111-11384,1학년,법오 골방(칸막이),국산(칸막이),역사관(평상)
10/11/2000 12:00,3a73kq6f5n@snu.ac.kr,양즉닷,1111-11385,3학년,법오 큰방(평상),법오 골방(칸막이),법오 골방(칸막이)
10/12/2000 12:00,90tgxj18cg@snu.ac.kr,문논탁,1111-11386,1학년,법오 큰방(평상),법오 골방(칸막이),법오 작은방(평상)
10/13/2000 12:00,udsk8crn0t@snu.ac.kr,문을른,1111-11387,1학년,역사관(평상),법오 큰방(칸막이),법오 골방(칸막이)
10/14/2000 12:00,0jzxiobbe5@snu.ac.kr,박클답,1111-11388,2학년,법오 큰방(칸막이),법오 큰방(칸막이),법오 골방(칸막이)
10/15/2000 12:00,8xgds5nxpu@snu.ac.kr,박억갓,1111-11389,2학년,15동 401호(칸막이),국산(칸막이),법오 큰방(칸막이)
10/16/2000 12:00,6pkpqtjied@snu.ac.kr,김익억,1111-11390,1학년,역사관(평상),법오 큰방(칸막이),15동 401호(칸막이)
10/17/2000 12:00,n8098bqbyy@snu.ac.kr,김방우,1111-11391,1학년,법오 큰방(칸막이),역사관(평상),국산(칸막이)
10/18/2000 12:00,qo7sat64xr@snu.ac.kr,한창어,1111-11392,1학년,법오 작은방(평상),법오 큰방(칸막이),법오 큰방(칸막이)
10/19/2000 12:00,ftrkju5dsb@snu.ac.kr,김벌석,1111-11393,1학년,법오 큰방(칸막이),법오 큰방(평상),15동 401호(칸막이)
10/20/2000 12:00,veg35l4p73@snu.ac.kr,한벙수,1111-11394,3학년,15동 401호(칸막이),15동 401호(칸막이),역사관(평상)
10/21/2000 12:00,bgghd56x87@snu.ac.kr,이카캇,1111-11395,2학년,15동 401호(칸막이),법오 큰방(칸막이),15동 404호(칸막이)
10/22/2000 12:00,1khaw9tauf@snu.ac.kr,양징일,1111-11396,1학년,역사관(평상),15동 401호(평상),국산(칸막이)
10/23/2000 12:00,u4x4vhjghz@snu.ac.kr,최벌길,1111-11397,1학년,국산(칸막이),법오 골방(칸막이),역사관(평상)
10/24/2000 12:00,vw618mfnde@snu.ac.kr,최잡컹,1111-11398,1학년,법오 큰방(평상),15동 404호(칸막이),역사관(평상)
10/25/2000 12:00,frns47n0aw@snu.ac.kr,문도니,1111-11399,2학년,법오 작은방(평상),15동 401호(칸막이),역사관(평상)
10/26/2000 12:00,74ema3bzrz@snu.ac.kr,강헝망,1111-11400,2학년,역사관(평상),15동 404호(칸막이),법오 작은방(평상)
10/27/2000 12:00,u2uhfa2579@snu.ac.kr,박릉등,1111-11401,2학년,법오 큰방(평상),법오 큰방(평상),법오 작은방(평상)
10/28/2000 12:00,kjmqcr6vwg@snu.ac.kr,김몽난,1111-11402,1학년,법오 큰방(평상),법오 큰방(칸막이),법오 작은방(평상)
10/29/2000 12:00,yaznhftg76@snu.ac.kr,박닝팟,1111-11403,3학년,법오 큰방(평상),15동 404호(칸막이),법오 큰방(평상)
10/30/2000 12:00,u9xgi2nvju@snu.ac.kr,김도투,1111-11404,2학년,15동 404호(칸막이),역사관(평상),국산(칸막이)
10/31/2000 12:00,2jnex9sqwn@snu.ac.kr,최렁번,1111-11405,1학년,15동 401호(평상),역사관(평상),법오 큰방(평상)
11/1/2000 12:00,vxwssk3fbw@snu.ac.kr,최닷논,1111-11406,1학년,15동 404호(칸막이),법오 큰방(평상),법오 작은방(평상)
11/2/2000 12:00,qi5k7cehql@snu.ac.kr,양빈픽,1111-11407,1학년,법오 큰방(평상),법오 큰방(칸막이),15동 401호(칸막이)
11/3/2000 12:00,cvgy6wzrc8@snu.ac.kr,박삭억,1111-11408,1학년,법오 작은방(평상),법오 큰방(칸막이),국산(칸막이)
11/4/2000 12:00,ep5x72icdg@snu.ac.kr,양킨노,1111-11409,1학년,법오 큰방(평상),15동 404호(칸막이),법오 큰방(칸막이)
11/5/2000 12:00,izvkfnyhnt@snu.ac.kr,양마걱,1111-11410,1학년,국산(칸막이),법오 골방(칸막이),15동 401호(칸막이)
11/6/2000 12:00,zl6migpqes@snu.ac.kr,박몽딩,1111-11411,2학년,법오 큰방(칸막이),15동 401호(칸막이),15동 404호(칸막이)
11/7/2000 12:00,b9n260y7yx@snu.ac.kr,김히본,1111-11412,1학년,법오 큰방(평상),법오 골방(칸막이),국산(칸막이)
11/8/2000 12:00,uko9mx48p9@snu.ac.kr,김넉진,1111-11413,1학년,법오 큰방(칸막이),법오 큰방(평상),법오 작은방(평상)
11/9/2000 12:00,fwiwb4j2i1@snu.ac.kr,한닝틈,1111-11414,2학년,국산(칸막이),법오 골방(칸막이),역사관(평상)
11/10/2000 12:00,bik2yu7475@snu.ac.kr,박서랍,1111-11415,2학년,역사관(평상),법오 큰방(평상),15동 401호(칸막이)
11/11/2000 12:00,opsf81xruf@snu.ac.kr,최너반,1111-11416,1학년,역사관(평상),법오 골방(칸막이),국산(칸막이)
11/12/2000 12:00,1zgr9fhmbo@snu.ac.kr,박밍캉,1111-11417,2학년,역사관(평상),15동 401호(칸막이),법오 골방(칸막이)
11/13/2000 12:00,dkm2y84agg@snu.ac.kr,이참란,1111-11418,2학년,법오 큰방(평상),15동 404호(칸막이),법오 큰방(칸막이)
11/14/2000 12:00,vxsxa8v64l@snu.ac.kr,박듬푸,1111-11419,3학년,15동 404호(칸막이),역사관(평상),법오 큰방(평상)
11/15/2000 12:00,6ujb8digms@snu.ac.kr,한측산,1111-11420,1학년,법오 골방(칸막이),15동 404호(칸막이),법오 큰방(칸막이)
11/16/2000 12:00,eyzuyei8ws@snu.ac.kr,양슨박,1111-11421,1학년,법오 큰방(평상),법오 작은방(평상),역사관(평상)
11/17/2000 12:00,8uz0p1gy5z@snu.ac.kr,김믄맘,1111-11422,1학년,법오 큰방(평상),역사관(평상),역사관(평상)
11/18/2000 12:00,wy0mc1qnnb@snu.ac.kr,이번론,1111-11423,1학년,법오 큰방(칸막이),역사관(평상),15동 404호(칸막이)
11/19/2000 12:00,izgsq5otlb@snu.ac.kr,문공가,1111-11424,1학년,법오 작은방(평상),국산(칸막이),법오 큰방(평상)
11/20/2000 12:00,x2j10thmeo@snu.ac.kr,강잉틍,1111-11425,3학년,법오 큰방(칸막이),법오 작은방(평상),법오 큰방(칸막이)
11/21/2000 12:00,vvb83wujxl@snu.ac.kr,문펄텅,1111-11426,3학년,15동 404호(칸막이),15동 401호(평상),법오 큰방(칸막이)
11/22/2000 12:00,fxkrj149uh@snu.ac.kr,강종흑,1111-11427,2학년,법오 큰방(칸막이),법오 큰방(평상),법오 큰방(평상)
11/23/2000 12:00,uxpy3zq625@snu.ac.kr,최암루,1111-11428,3학년,국산(칸막이),법오 골방(칸막이),15동 401호(칸막이)
11/24/2000 12:00,f7epczrvaw@snu.ac.kr,문흠벙,1111-11429,1학년,국산(칸막이),법오 큰방(칸막이),법오 작은방(평상)
11/25/2000 12:00,yqm1uzzlqq@snu.ac.kr,양삼항,1111-11430,1학년,법오 큰방(칸막이),국산(칸막이),15동 401호(칸막이)
11/26/2000 12:00,ghg0j9ici3@snu.ac.kr,김픈팟,1111-11431,3학년,법오 큰방(칸막이),역사관(평상),법오 작은방(평상)
11/27/2000 12:00,7dryxro521@snu.ac.kr,최긍신,1111-11432,2학년,법오 큰방(칸막이),역사관(평상),15동 404호(칸막이)
11/28/2000 12:00,oklenlpxhk@snu.ac.kr,최밥합,1111-11433,3학년,법오 작은방(평상),법오 큰방(평상),법오 골방(칸막이)
11/29/2000 12:00,tu74s9vqv1@snu.ac.kr,김판핀,1111-11434,3학년,법오 큰방(평상),법오 작은방(평상),국산(칸막이)
11/30/2000 12:00,ao790x9gft@snu.ac.kr,양튼선,1111-11435,3학년,15동 404호(칸막이),법오 큰방(칸막이),법오 큰방(칸막이)
12/1/2000 12:00,w10y4e3drs@snu.ac.kr,이밥킬,1111-11436,2학년,법오 큰방(칸막이),법오 큰방(칸막이),15동 401호(칸막이)
12/2/2000 12:00,myih1qm494@snu.ac.kr,한핀겅,1111-11437,3학년,역사관(평상),15동 401호(칸막이),15동 401호(칸막이)
12/3/2000 12:00,n9ncjuze4x@snu.ac.kr,이적타,1111-11438,3학년,15동 401호(칸막이),법오 큰방(칸막이),법오 큰방(평상)
12/4/2000 12:00,13zfsjaipm@snu.ac.kr,문딩막,1111-11439,2학년,법오 작은방(평상),법오 큰방(평상),국산(칸막이)
12/5/2000 12:00,rxyr0285o2@snu.ac.kr,최킬알,1111-11440,2학년,국산(칸막이),법오 큰방(칸막이),법오 작은방(평상)
12/6/2000 12:00,alurg0gvfb@snu.ac.kr,문비처,1111-11441,1학년,15동 404호(칸막이),역사관(평상),법오 큰방(평상)
12/7/2000 12:00,xaximkres6@snu.ac.kr,양안필,1111-11442,1학년,15동 404호(칸막이),역사관(평상),법오 큰방(평상)
12/8/2000 12:00,2vl2pnvub2@snu.ac.kr,박슥홍,1111-11443,1학년,법오 큰방(칸막이),역사관(평상),법오 골방(칸막이)
12/9/2000 12:00,thfquesl5s@snu.ac.kr,최킁람,1111-11444,3학년,법오 큰방(평상),법오 큰방(평상),국산(칸막이)
12/10/2000 12:00,v9gk2e7d7i@snu.ac.kr,양남픽,1111-11445,3학년,법오 큰방(평상),15동 401호(평상),15동 404호(칸막이)
12/11/2000 12:00,w8adg365nl@snu.ac.kr,박킹지,1111-11446,1학년,법오 큰방(평상),15동 401호(칸막이),국산(칸막이)
12/12/2000 12:00,pvzwrksxz2@snu.ac.kr,이능선,1111-11447,1학년,법오 큰방(평상),국산(칸막이),15동 404호(칸막이)
12/13/2000 12:00,4yuwyocvoy@snu.ac.kr,최츰빌,1111-11448,1학년,15동 401호(칸막이),법오 큰방(평상),법오 골방(칸막이)
12/14/2000 12:00,dgt9trh50e@snu.ac.kr,양든암,1111-11449,3학년,법오 큰방(칸막이),국산(칸막이),국산(칸막이)
12/15/2000 12:00,d9ryg6djok@snu.ac.kr,이탓작,1111-11450,2학년,15동 401호(칸막이),법오 골방(칸막이),15동 404호(칸막이)
12/16/2000 12:00,w95rep1iow@snu.ac.kr,문질착,1111-11451,1학년,15동 404호(칸막이),역사관(평상),법오 큰방(칸막이)
12/17/2000 12:00,oq7s39qubz@snu.ac.kr,한큰엉,1111-11452,1학년,법오 작은방(평상),법오 큰방(칸막이),법오 큰방(평상)
12/18/2000 12:00,47058kwcgt@snu.ac.kr,박동홍,1111-11453,3학년,법오 큰방(평상),법오 큰방(평상),법오 골방(칸막이)
12/19/2000 12:00,y3d8yemtax@snu.ac.kr,이카득,1111-11454,3학년,법오 작은방(평상),15동 404호(칸막이),법오 골방(칸막이)
12/20/2000 12:00,pdoq2m9wj8@snu.ac.kr,이얼음,1111-11455,2학년,법오 큰방(평상),15동 404호(칸막이),15동 401호(평상)
12/21/2000 12:00,j1ihepssau@snu.ac.kr,이를칵,1111-11456,3학년,15동 404호(칸막이),법오 골방(칸막이),역사관(평상)
12/22/2000 12:00,ern728drxc@snu.ac.kr,강탕틍,1111-11457,1학년,15동 401호(칸막이),법오 큰방(평상),법오 큰방(평상)
12/23/2000 12:00,vxuuv49ij6@snu.ac.kr,최치기,1111-11458,1학년,국산(칸막이),15동 404호(칸막이),법오 골방(칸막이)
12/24/2000 12:00,40uajzro49@snu.ac.kr,최츨흥,1111-11459,3학년,역사관(평상),법오 작은방(평상),법오 큰방(칸막이)
12/25/2000 12:00,8e29jalj0q@snu.ac.kr,최흠진,1111-11460,1학년,국산(칸막이),법오 큰방(칸막이),법오 작은방(평상)
12/26/2000 12:00,5mc4s3njf6@snu.ac.kr,가공업,1111-11461,1학년,15동 401호(평상),법오 큰방(칸막이),법오 큰방(평상)
12/27/2000 12:00,dqb9t91dw7@snu.ac.kr,가랑비,1111-11462,1학년,국산(칸막이),역사관(평상),15동 404호(칸막이)
12/28/2000 12:00,y94jwkun5z@snu.ac.kr,가래떡,1111-11463,2학년,법오 작은방(평상),15동 401호(평상),15동 404호(칸막이)
12/29/2000 12:00,t1rwywq5jb@snu.ac.kr,가로등,1111-11464,3학년,15동 404호(칸막이),법오 작은방(평상),법오 큰방(평상)
12/30/2000 12:00,f12hhi7zwj@snu.ac.kr,가로수,1111-11465,3학년,15동 404호(칸막이),역사관(평상),법오 골방(칸막이)
12/31/2000 12:00,0oklh3tvtp@snu.ac.kr,가솔린,1111-11466,2학년,법오 골방(칸막이),법오 골방(칸막이),역사관(평상)
1/1/2001 12:00,o19fyjvvne@snu.ac.kr,가우스,1111-11467,2학년,법오 큰방(평상),역사관(평상),국산(칸막이)
1/2/2001 12:00,95mkcdncck@snu.ac.kr,가이아,1111-11468,3학년,법오 큰방(평상),법오 골방(칸막이),법오 큰방(평상)
1/3/2001 12:00,2iqrfb3139@snu.ac.kr,가정부,1111-11469,2학년,15동 401호(칸막이),법오 작은방(평상),15동 401호(칸막이)
1/4/2001 12:00,bs5pr483uo@snu.ac.kr,가타카,1111-11470,1학년,법오 골방(칸막이),15동 401호(칸막이),국산(칸막이)
1/5/2001 12:00,06brm2dja1@snu.ac.kr,각설탕,1111-11471,2학년,법오 큰방(평상),15동 404호(칸막이),법오 큰방(평상)
1/6/2001 12:00,wx2boxh21v@snu.ac.kr,간접적,1111-11472,2학년,법오 큰방(평상),법오 작은방(평상),15동 404호(칸막이)
1/7/2001 12:00,chq4ydhz7j@snu.ac.kr,간지남,1111-11473,2학년,법오 골방(칸막이),법오 큰방(칸막이),15동 401호(칸막이)
1/8/2001 12:00,246ubfw7o3@snu.ac.kr,갈매기,1111-11474,3학년,15동 404호(칸막이),역사관(평상),국산(칸막이)
1/9/2001 12:00,zsr3a6norn@snu.ac.kr,갈무리,1111-11475,1학년,국산(칸막이),법오 골방(칸막이),법오 큰방(칸막이)
1/10/2001 12:00,ygjzn7hbbh@snu.ac.kr,감자깡,1111-11476,1학년,법오 큰방(칸막이),15동 401호(칸막이),15동 404호(칸막이)
1/11/2001 12:00,qv7r5bxskk@snu.ac.kr,감자탕,1111-11477,2학년,15동 401호(칸막이),법오 큰방(칸막이),법오 큰방(평상)
1/12/2001 12:00,tg2175rznq@snu.ac.kr,갑돌이,1111-11478,1학년,15동 404호(칸막이),역사관(평상),법오 골방(칸막이)
1/13/2001 12:00,yqidqc4rci@snu.ac.kr,강아지,1111-11479,1학년,법오 큰방(칸막이),법오 작은방(평상),법오 큰방(평상)
1/14/2001 12:00,o2u2fuckd2@snu.ac.kr,강원도,1111-11480,3학년,법오 큰방(평상),법오 큰방(평상),15동 401호(칸막이)
1/15/2001 12:00,yocg87dm5y@snu.ac.kr,개공식,1111-11481,1학년,법오 큰방(칸막이),법오 골방(칸막이),법오 작은방(평상)
1/16/2001 12:00,gjjacnvfid@snu.ac.kr,개교식,1111-11482,3학년,법오 골방(칸막이),법오 작은방(평상),역사관(평상)
1/17/2001 12:00,ume52vtgbc@snu.ac.kr,개구리,1111-11483,2학년,법오 큰방(평상),법오 작은방(평상),법오 골방(칸막이)
1/18/2001 12:00,nwpv6s4nud@snu.ac.kr,개기식,1111-11484,2학년,법오 작은방(평상),국산(칸막이),15동 401호(칸막이)
1/19/2001 12:00,pbh1953svi@snu.ac.kr,개나리,1111-11485,2학년,법오 큰방(평상),법오 골방(칸막이),법오 큰방(칸막이)
1/20/2001 12:00,hr03q9wlw7@snu.ac.kr,개막식,1111-11486,2학년,법오 큰방(평상),법오 큰방(평상),법오 작은방(평상)
1/21/2001 12:00,zdo4xrpmml@snu.ac.kr,개선문,1111-11487,1학년,15동 401호(칸막이),법오 골방(칸막이),법오 골방(칸막이)
1/22/2001 12:00,i9eiso3s9t@snu.ac.kr,개업식,1111-11488,1학년,역사관(평상),법오 큰방(평상),법오 큰방(평상)
1/23/2001 12:00,354cx6imbp@snu.ac.kr,개통식,1111-11489,1학년,역사관(평상),법오 큰방(평상),법오 골방(칸막이)
1/24/2001 12:00,zabvxpyiwr@snu.ac.kr,개폭딜,1111-11490,1학년,법오 큰방(평상),국산(칸막이),법오 작은방(평상)
1/25/2001 12:00,cw9phyf3ke@snu.ac.kr,개학식,1111-11491,2학년,법오 작은방(평상),법오 큰방(칸막이),법오 큰방(평상)
1/26/2001 12:00,3czu114ll5@snu.ac.kr,개항식,1111-11492,2학년,국산(칸막이),법오 골방(칸막이),역사관(평상)
1/27/2001 12:00,p499vf8liw@snu.ac.kr,개회식,1111-11493,1학년,15동 401호(칸막이),15동 404호(칸막이),15동 401호(칸막이)
1/28/2001 12:00,dgrt9bellx@snu.ac.kr,객관성,1111-11494,1학년,법오 작은방(평상),법오 큰방(칸막이),역사관(평상)
1/29/2001 12:00,u8r9r44395@snu.ac.kr,갤럭시,1111-11495,2학년,15동 401호(칸막이),국산(칸막이),국산(칸막이)
1/30/2001 12:00,gwvcfq9xjw@snu.ac.kr,거북이,1111-11496,3학년,15동 401호(평상),15동 404호(칸막이),국산(칸막이)
1/31/2001 12:00,0hrdzpft4i@snu.ac.kr,거짓말,1111-11497,3학년,법오 작은방(평상),국산(칸막이),법오 골방(칸막이)
2/1/2001 12:00,fo79dt2c9q@snu.ac.kr,검딱지,1111-11498,3학년,법오 골방(칸막이),15동 401호(칸막이),법오 큰방(평상)
2/2/2001 12:00,8qnjnfg3sp@snu.ac.kr,검은깨,1111-11499,1학년,국산(칸막이),15동 401호(칸막이),법오 골방(칸막이)
2/3/2001 12:00,btqttiwkzq@snu.ac.kr,게보린,1111-11500,3학년,법오 작은방(평상),역사관(평상),15동 404호(칸막이)
2/4/2001 12:00,4bluvms046@snu.ac.kr,격투기,1111-11501,1학년,법오 큰방(칸막이),법오 골방(칸막이),법오 골방(칸막이)
2/5/2001 12:00,b7rk727xe1@snu.ac.kr,경외심,1111-11502,1학년,15동 401호(칸막이),법오 골방(칸막이),15동 404호(칸막이)
2/6/2001 12:00,6nxu0z1e5n@snu.ac.kr,계웅삼,1111-11503,1학년,역사관(평상),법오 골방(칸막이),15동 404호(칸막이)
2/7/2001 12:00,l798c10oal@snu.ac.kr,고감도,1111-11504,1학년,15동 404호(칸막이),국산(칸막이),법오 골방(칸막이)
2/8/2001 12:00,88gu6lswti@snu.ac.kr,고구려,1111-11505,2학년,국산(칸막이),법오 작은방(평상),법오 큰방(칸막이)
2/9/2001 12:00,lvwvn4kwjq@snu.ac.kr,고구마,1111-11506,2학년,법오 골방(칸막이),15동 404호(칸막이),국산(칸막이)
2/10/2001 12:00,gkjop974qc@snu.ac.kr,고로쇠,1111-11507,1학년,15동 404호(칸막이),법오 작은방(평상),역사관(평상)
2/11/2001 12:00,0eho3pugh5@snu.ac.kr,고무줄,1111-11508,1학년,국산(칸막이),법오 골방(칸막이),법오 큰방(평상)
2/12/2001 12:00,a9b4pxzj8m@snu.ac.kr,고블린,1111-11509,3학년,국산(칸막이),국산(칸막이),법오 큰방(평상)
2/13/2001 12:00,jgx4y0c5y1@snu.ac.kr,고사리,1111-11510,1학년,법오 작은방(평상),15동 404호(칸막이),15동 401호(칸막이)
2/14/2001 12:00,ejeh6xe4e7@snu.ac.kr,고스트,1111-11511,2학년,법오 작은방(평상),국산(칸막이),법오 큰방(평상)
2/15/2001 12:00,7cjaslmx4q@snu.ac.kr,고양이,1111-11512,1학년,법오 작은방(평상),법오 큰방(평상),법오 큰방(칸막이)
2/16/2001 12:00,78bm9hg5ve@snu.ac.kr,고전적,1111-11513,1학년,법오 작은방(평상),15동 401호(칸막이),15동 401호(칸막이)
2/17/2001 12:00,gikcyls5iw@snu.ac.kr,고추장,1111-11514,1학년,법오 큰방(칸막이),법오 큰방(칸막이),15동 401호(칸막이)
2/18/2001 12:00,zfi8hsu67c@snu.ac.kr,고혹자,1111-11515,1학년,역사관(평상),국산(칸막이),법오 큰방(칸막이)
2/19/2001 12:00,i869xb6r0b@snu.ac.kr,골드런,1111-11516,1학년,법오 큰방(칸막이),법오 골방(칸막이),15동 404호(칸막이)
2/20/2001 12:00,3299xvb4kf@snu.ac.kr,골짜기,1111-11517,1학년,법오 큰방(칸막이),15동 401호(칸막이),15동 401호(칸막이)
2/21/2001 12:00,hq5lrvguq6@snu.ac.kr,곰도리,1111-11518,1학년,법오 큰방(칸막이),법오 큰방(평상),역사관(평상)
2/22/2001 12:00,jjtidjd5yo@snu.ac.kr,곰돌이,1111-11519,1학년,법오 큰방(칸막이),법오 골방(칸막이),법오 작은방(평상)
2/23/2001 12:00,vctuxrott4@snu.ac.kr,곰탱이,1111-11520,1학년,법오 골방(칸막이),법오 골방(칸막이),법오 큰방(평상)
2/24/2001 12:00,nuxz01rad9@snu.ac.kr,공간적,1111-11521,3학년,역사관(평상),15동 401호(칸막이),국산(칸막이)
2/25/2001 12:00,kjtmszp4vh@snu.ac.kr,공격대,1111-11522,1학년,국산(칸막이),법오 골방(칸막이),15동 401호(칸막이)
2/26/2001 12:00,q4dj1aa4qw@snu.ac.kr,공격력,1111-11523,3학년,국산(칸막이),법오 골방(칸막이),15동 404호(칸막이)
2/27/2001 12:00,7p8tcql763@snu.ac.kr,공무원,1111-11524,2학년,역사관(평상),15동 404호(칸막이),법오 큰방(평상)
2/28/2001 12:00,davfofh83a@snu.ac.kr,공업가,1111-11525,1학년,15동 401호(칸막이),법오 큰방(칸막이),국산(칸막이)
3/1/2001 12:00,5bb37k3tlj@snu.ac.kr,과수원,1111-11526,1학년,역사관(평상),법오 작은방(평상),법오 큰방(칸막이)
3/2/2001 12:00,l0arxcfscb@snu.ac.kr,구구단,1111-11527,1학년,법오 큰방(평상),법오 골방(칸막이),법오 골방(칸막이)
3/3/2001 12:00,eshnld1ls9@snu.ac.kr,구궁도,1111-11528,1학년,역사관(평상),15동 401호(칸막이),역사관(평상)
3/4/2001 12:00,u7fro6s5lb@snu.ac.kr,구렁이,1111-11529,1학년,법오 골방(칸막이),법오 작은방(평상),역사관(평상)
3/5/2001 12:00,87c5m96gnn@snu.ac.kr,구마적,1111-11530,1학년,법오 작은방(평상),법오 큰방(칸막이),법오 큰방(평상)
3/6/2001 12:00,yc8iomrgea@snu.ac.kr,구미호,1111-11531,3학년,법오 큰방(칸막이),법오 작은방(평상),법오 큰방(칸막이)
3/7/2001 12:00,7tdymm62ku@snu.ac.kr,구심점,1111-11532,3학년,법오 골방(칸막이),15동 401호(칸막이),법오 작은방(평상)
3/8/2001 12:00,33ohnf5ukc@snu.ac.kr,구체적,1111-11533,1학년,역사관(평상),법오 큰방(평상),15동 401호(칸막이)
3/9/2001 12:00,gl3nb403ln@snu.ac.kr,국사책,1111-11534,1학년,15동 404호(칸막이),법오 큰방(평상),법오 작은방(평상)
3/10/2001 12:00,4rl2zwv5ds@snu.ac.kr,국화꽃,1111-11535,1학년,법오 큰방(칸막이),15동 404호(칸막이),역사관(평상)
3/11/2001 12:00,f81qx44fgy@snu.ac.kr,굿모닝,1111-11536,1학년,15동 401호(칸막이),역사관(평상),법오 큰방(평상)
3/12/2001 12:00,en3slw6jmv@snu.ac.kr,귀공자,1111-11537,2학년,법오 작은방(평상),15동 401호(칸막이),역사관(평상)
3/13/2001 12:00,uxac1ifutr@snu.ac.kr,귀족적,1111-11538,3학년,15동 401호(평상),역사관(평상),법오 골방(칸막이)
3/14/2001 12:00,v1tlmb5b2z@snu.ac.kr,그레이,1111-11539,1학년,15동 404호(칸막이),역사관(평상),법오 골방(칸막이)
3/15/2001 12:00,xgs6zzsjpd@snu.ac.kr,그린비,1111-11540,2학년,법오 큰방(평상),법오 큰방(칸막이),국산(칸막이)
3/16/2001 12:00,4vgiyqickt@snu.ac.kr,그오빠,1111-11541,2학년,15동 401호(평상),15동 404호(칸막이),법오 큰방(칸막이)
3/17/2001 12:00,ea41ezu2e3@snu.ac.kr,극장판,1111-11542,2학년,15동 401호(칸막이),법오 작은방(평상),역사관(평상)
3/18/2001 12:00,8s8tois1lv@snu.ac.kr,글러브,1111-11543,1학년,법오 큰방(칸막이),15동 401호(칸막이),15동 401호(칸막이)
3/19/2001 12:00,7t8h24lzzt@snu.ac.kr,글로리,1111-11544,2학년,법오 큰방(칸막이),15동 404호(칸막이),법오 골방(칸막이)
3/20/2001 12:00,u4crmvk7gv@snu.ac.kr,글로벌,1111-11545,2학년,법오 골방(칸막이),국산(칸막이),15동 404호(칸막이)
3/21/2001 12:00,zvbgyo0ecc@snu.ac.kr,금도끼,1111-11546,1학년,법오 작은방(평상),법오 큰방(칸막이),국산(칸막이)
3/22/2001 12:00,5z48uqfp3f@snu.ac.kr,금메달,1111-11547,2학년,법오 골방(칸막이),15동 401호(칸막이),국산(칸막이)
3/23/2001 12:00,ka7uyug1rc@snu.ac.kr,금붕어,1111-11548,1학년,15동 401호(칸막이),법오 골방(칸막이),법오 큰방(칸막이)
3/24/2001 12:00,goqr8sqaqk@snu.ac.kr,금요일,1111-11549,1학년,법오 큰방(평상),법오 골방(칸막이),법오 큰방(칸막이)
3/25/2001 12:00,i1b3hbxu2o@snu.ac.kr,긍정적,1111-11550,1학년,역사관(평상),법오 큰방(칸막이),국산(칸막이)
3/26/2001 12:00,xfl3s2vb1m@snu.ac.kr,기념적,1111-11551,1학년,법오 큰방(평상),법오 큰방(평상),15동 404호(칸막이)
3/27/2001 12:00,5hd5uooe63@snu.ac.kr,기능적,1111-11552,2학년,국산(칸막이),15동 401호(칸막이),국산(칸막이)
3/28/2001 12:00,l2onpjzfb9@snu.ac.kr,기댓값,1111-11553,2학년,15동 401호(칸막이),15동 401호(칸막이),국산(칸막이)
3/29/2001 12:00,n6vlheolcu@snu.ac.kr,기사단,1111-11554,1학년,법오 큰방(평상),법오 작은방(평상),역사관(평상)
3/30/2001 12:00,m0nvgwpct1@snu.ac.kr,기상청,1111-11555,1학년,15동 401호(칸막이),법오 큰방(칸막이),15동 401호(칸막이)
3/31/2001 12:00,hztu9x2u6x@snu.ac.kr,기저막,1111-11556,1학년,15동 401호(칸막이),법오 작은방(평상),15동 401호(칸막이)
4/1/2001 12:00,4hnaguhco9@snu.ac.kr,김유신,1111-11557,2학년,15동 404호(칸막이),법오 골방(칸막이),법오 큰방(칸막이)
4/2/2001 12:00,cc8jwfnx9w@snu.ac.kr,김칫국,1111-11558,3학년,15동 401호(칸막이),법오 골방(칸막이),국산(칸막이)
4/3/2001 12:00,p2qkiv4awr@snu.ac.kr,까꿍이,1111-11559,1학년,법오 큰방(평상),법오 큰방(평상),법오 큰방(칸막이)
4/4/2001 12:00,boyif3qg7d@snu.ac.kr,까마귀,1111-11560,1학년,법오 작은방(평상),15동 401호(칸막이),법오 작은방(평상)
