졸업생,법오 큰방(칸막이),131,open
졸업생,법오 큰방(칸막이),132,open
졸업생,법오 큰방(칸막이),133,open
졸업생,15동 404호(칸막이),125,open
졸업생,15동 404호(칸막이),126,open
졸업생,15동 404호(칸막이),127,open
3학년,법오 큰방(칸막이),73,open
3학년,법오 큰방(칸막이),74,open
3학년,법오 큰방(칸막이),75,open
3학년,법오 큰방(칸막이),76,open
3학년,법오 큰방(칸막이),77,open
3학년,법오 큰방(칸막이),113,open
3학년,법오 큰방(칸막이),114,open
3학년,법오 큰방(칸막이),115,open
3학년,법오 큰방(칸막이),116,open
3학년,법오 큰방(칸막이),117,open
3학년,법오 큰방(칸막이),126,open
3학년,법오 큰방(칸막이),127,open
3학년,법오 큰방(칸막이),128,open
3학년,법오 큰방(칸막이),134,open
3학년,법오 큰방(칸막이),135,open
3학년,법오 큰방(칸막이),136,open
3학년,법오 큰방(칸막이),138,open
3학년,법오 큰방(칸막이),140,open
3학년,법오 큰방(칸막이),141,open
3학년,법오 큰방(칸막이),142,open
3학년,법오 큰방(칸막이),162,open
3학년,법오 큰방(칸막이),163,open
3학년,법오 큰방(칸막이),164,open
3학년,법오 큰방(칸막이),166,open
3학년,법오 큰방(칸막이),168,open
3학년,법오 큰방(칸막이),175,open
3학년,법오 큰방(칸막이),176,open
3학년,법오 큰방(칸막이),177,open
3학년,법오 큰방(칸막이),178,open
3학년,법오 큰방(칸막이),197,open
3학년,법오 큰방(칸막이),200,open
3학년,법오 큰방(칸막이),201,open
3학년,법오 큰방(칸막이),210,open
3학년,법오 큰방(칸막이),211,open
3학년,법오 큰방(칸막이),213,open
3학년,법오 큰방(칸막이),214,open
3학년,15동 404호(칸막이),124,open
3학년,15동 404호(칸막이),125,open
3학년,15동 404호(칸막이),126,open
3학년,15동 404호(칸막이),131,open
3학년,15동 404호(칸막이),132,open
3학년,15동 404호(칸막이),134,open
3학년,15동 404호(칸막이),135,open
3학년,15동 404호(칸막이),141,open
3학년,15동 404호(칸막이),8,open
3학년,15동 404호(칸막이),11,open
3학년,15동 404호(칸막이),12,open
3학년,15동 404호(칸막이),53,open
3학년,15동 404호(칸막이),55,open
3학년,15동 404호(칸막이),13,open
3학년,15동 404호(칸막이),15,open
3학년,15동 404호(칸막이),17,open
3학년,15동 404호(칸막이),58,open
3학년,15동 404호(칸막이),59,open
3학년,15동 404호(칸막이),19,open
3학년,15동 404호(칸막이),60,open
3학년,15동 404호(칸막이),61,open
3학년,15동 404호(칸막이),62,open
3학년,15동 404호(칸막이),25,open
3학년,15동 404호(칸막이),64,open
3학년,15동 404호(칸막이),66,open
3학년,15동 404호(칸막이),28,open
3학년,15동 404호(칸막이),29,open
3학년,15동 404호(칸막이),30,open
3학년,15동 404호(칸막이),124,open
3학년,15동 404호(칸막이),131,open
3학년,15동 404호(칸막이),132,open
3학년,15동 404호(칸막이),134,open
3학년,15동 404호(칸막이),135,open
3학년,15동 404호(칸막이),140,open
3학년,15동 404호(칸막이),141,open
3학년,15동 404호(칸막이),8,open
3학년,15동 404호(칸막이),9,open
3학년,15동 404호(칸막이),10,open
3학년,15동 404호(칸막이),162,open
3학년,15동 404호(칸막이),11,open
3학년,15동 404호(칸막이),12,open
3학년,15동 404호(칸막이),52,open
3학년,15동 404호(칸막이),53,open
3학년,15동 404호(칸막이),54,open
3학년,15동 404호(칸막이),55,open
3학년,15동 404호(칸막이),13,open
3학년,15동 404호(칸막이),14,open
3학년,15동 404호(칸막이),15,open
3학년,15동 404호(칸막이),164,open
3학년,15동 404호(칸막이),16,open
3학년,15동 404호(칸막이),17,open
3학년,15동 404호(칸막이),56,open
3학년,15동 404호(칸막이),57,open
3학년,15동 404호(칸막이),58,open
3학년,15동 404호(칸막이),59,open
3학년,15동 404호(칸막이),18,open
3학년,15동 404호(칸막이),19,open
3학년,15동 404호(칸막이),21,open
3학년,15동 404호(칸막이),22,open
3학년,15동 404호(칸막이),60,open
3학년,15동 404호(칸막이),61,open
3학년,15동 404호(칸막이),62,open
3학년,15동 404호(칸막이),23,open
3학년,15동 404호(칸막이),25,open
3학년,15동 404호(칸막이),26,open
3학년,15동 404호(칸막이),27,open
3학년,15동 404호(칸막이),64,open
3학년,15동 404호(칸막이),66,open
3학년,15동 404호(칸막이),67,open
3학년,15동 404호(칸막이),28,open
3학년,15동 404호(칸막이),29,open
3학년,15동 404호(칸막이),30,open
3학년,15동 404호(칸막이),31,open
3학년,15동 404호(칸막이),32,open
3학년,15동 404호(칸막이),33,open
2학년,법오 큰방(칸막이),21,open
2학년,법오 큰방(칸막이),23,open
2학년,법오 큰방(칸막이),34,open
2학년,법오 큰방(칸막이),37,open
2학년,법오 큰방(칸막이),38,open
2학년,법오 큰방(칸막이),52,open
2학년,법오 큰방(칸막이),55,open
2학년,법오 큰방(칸막이),92,open
2학년,법오 큰방(칸막이),97,open
2학년,법오 큰방(칸막이),98,open
2학년,법오 큰방(칸막이),145,open
2학년,법오 큰방(칸막이),151,open
2학년,법오 큰방(칸막이),157,open
2학년,법오 큰방(칸막이),160,open
2학년,법오 큰방(칸막이),180,open
2학년,법오 큰방(칸막이),181,open
2학년,법오 큰방(칸막이),185,open
2학년,법오 큰방(칸막이),189,open
2학년,법오 큰방(칸막이),195,open
2학년,법오 큰방(칸막이),206,open
2학년,15동 404호(칸막이),79,open
2학년,15동 404호(칸막이),88,open
2학년,15동 404호(칸막이),91,open
2학년,15동 404호(칸막이),93,open
2학년,15동 404호(칸막이),99,open
2학년,15동 404호(칸막이),100,open
2학년,15동 404호(칸막이),101,open
2학년,15동 404호(칸막이),102,open
2학년,15동 404호(칸막이),103,open
2학년,15동 404호(칸막이),104,open
2학년,15동 404호(칸막이),109,open
2학년,15동 404호(칸막이),110,open
2학년,15동 404호(칸막이),111,open
2학년,15동 404호(칸막이),115,open
2학년,15동 404호(칸막이),116,open
2학년,15동 404호(칸막이),119,open
2학년,15동 404호(칸막이),120,open
2학년,15동 404호(칸막이),121,open
2학년,15동 404호(칸막이),129,open
2학년,15동 404호(칸막이),130,open
2학년,15동 404호(칸막이),137,open
2학년,15동 404호(칸막이),139,open
2학년,15동 404호(칸막이),36,open
2학년,15동 404호(칸막이),37,open
2학년,15동 404호(칸막이),41,open
2학년,15동 404호(칸막이),42,open
2학년,15동 404호(칸막이),43,open
2학년,15동 404호(칸막이),44,open
2학년,15동 404호(칸막이),45,open
2학년,15동 404호(칸막이),47,open
2학년,15동 404호(칸막이),48,open
2학년,15동 404호(칸막이),49,open
2학년,15동 404호(칸막이),50,open
2학년,15동 404호(칸막이),51,open
2학년,15동 404호(칸막이),3,open
2학년,15동 404호(칸막이),4,open
2학년,15동 404호(칸막이),6,open
2학년,15동 404호(칸막이),7,open
2학년,15동 404호(칸막이),72,open
2학년,15동 404호(칸막이),73,open
2학년,15동 404호(칸막이),74,open
2학년,15동 404호(칸막이),142,open
2학년,15동 404호(칸막이),144,open
2학년,15동 404호(칸막이),145,open
2학년,15동 404호(칸막이),146,open
2학년,15동 404호(칸막이),150,open
2학년,15동 404호(칸막이),151,open
2학년,15동 404호(칸막이),152,open
2학년,15동 404호(칸막이),153,open
2학년,15동 404호(칸막이),154,open
2학년,15동 404호(칸막이),155,open
2학년,15동 404호(칸막이),156,open
2학년,15동 404호(칸막이),157,open
